type,num,peak_idx,peak_height,fwhm_width,left_base,right_base,center,distance_to_next_peak
peak,0,47,27795,4.54,45.43,49.98,47.7,
peak,2,67,35700,4.59,64.94,69.53,67.24,19.539999999999992
peak,4,87,28305,3.9,84.86,88.77,86.82,19.58
peak,7,106,31875,5.94,102.79,108.74,105.76,18.940000000000012
peak,8,128,35700,16.85,119.65,136.5,128.07,22.309999999999988
trough,0,42,35700,8.09,37.98,46.07,42.03,
trough,2,59,35700,15.7,49.24,64.94,57.09,15.060000000000002
trough,4,80,35700,15.82,69.53,85.36,77.44,20.349999999999994
trough,5,93,34935,13.65,88.77,102.42,95.59,18.150000000000006
