type,num,peak_idx,peak_height,fwhm_width,left_base,right_base,center,distance_to_next_peak
peak,0,22,33660,41.3,1.25,42.55,21.9,
peak,7,98,33660,6.33,94.82,101.15,97.98,76.08000000000001
peak,12,138,33660,14.68,130.82,145.5,138.16,40.17999999999999
trough,4,65,32895,15.5,58.87,74.37,66.62,
trough,6,88,33660,17.0,77.82,94.82,86.32,19.69999999999999
trough,7,104,33660,14.16,101.15,115.31,108.23,21.91000000000001
trough,8,111,33660,14.16,101.15,115.31,108.23,0.0
trough,11,126,29580,8.54,120.07,128.62,124.34,16.11
